beta,energy,magnet
0.10000,-0.16260,0.02295
